brand,한글이름,cashmere,wool,poly,other,length,cost,shirt
8 seconds,[울 블렌디드] 발마칸 캐주얼 코트,0,58,36,6,113.5,179,40
8 seconds,[울 블렌디드] 베이직 솔리드 싱글 코트 - 베이지,0,43,25,32,108.5,150,40
ADER ERROR,Zany coat,0,69,0,31,115,679,298
allegri,[22FW] 블랙《Cashmere-Rich 50》핸드메이드 세미오버 싱글 코트,50,50,0,0,107,1400,290
ANOUTFIT,유니섹스 오버핏 발마칸 울 코트 네이비 ,0,40,60,0,109,189,59
Art if acts,Balmacaan Coat_black ,10,75,10,5,106,395,125
auralee,Men Cashmere Wool Mosser Soutien Collar Coat,30,70,0,0,120,2250,495
Beanpole,블랙 울 블렌드 발마칸 코트,0,78,0,0,104,699,129
begin 202,French Sleeve Balmacaan Coat [Melange Charcoal],0,100,0,0,112,458,108
BESLOW, 22FW OVERSIZED CASHMERE BALMACAAN COAT BLACK,10,90,0,0,117,299,59
blankroom,STANDARD BALMACAAN WOOL COAT_NAVY,0,100,0,0,113,448,85
blankroom,STANDARD BALMACAAN WOOL COAT_DARK NAVY,0,90,0,10,112,378,85
blankroom,HANDMADE SINGLE COAT_MUSK BROWN,0,90,0,10,103,386,85
blankroom,RAGLAN SINGLE COAT_BEIGE,0,90,0,10,112,331,85
CONCEPTS1ONE,울/캐시미어 발마칸 코트,11,52,30,7,107.3,298,50
COOR,MTR 발마칸 코트 (블랙),10,67,23,0,115.5,329,69
COOR,MTR 발마칸 코트 (멜란지토프),10,67,23,0,115,329,69
cos,싱글 브레스티드 캐시미어 코트,100,0,0,0,102,1150,135
cos,레귤러 핏 울 블렌드 코트,0,64,32,4,100,390,135
customellow,alvin mid-length single coat,11,76,9,2,100,699,139
customellow,simple balmacaan coat,0,80,1,19,110,729,139
customellow,alvin long single coat,32,46,20,2,110,849,139
DANIEL CREMIEUX ,22FW 울캐시미어 블렌디드 클래식 코트,6,48,43,3,93,149,65
DGRE,코벤트 발마칸 코트 울 다크 네이비,0,90,0,10,104,428,128
DRAW FIT,프리미어 퓨어 캐시미어 히든 싱글 코트 [BLACK],21.1,78.9,0,0,110.5,219,55
DRAW FIT,프리미어 퓨어 캐시미어 발마칸 코트 [BLACK],21.1,78.9,0,0,113.5,246,55
EZIO,오버핏 반더블 캐시미어 코트 블랙,10,60,25,5,104,279,79
FLAREUP,오버사이즈 발마칸 롱코트 - 블랙 (FL-010) ,0,80,0,20,114,268,79
Galaxy,[Suggello] 캐시미어 체스터 코트 - 네이비,100,0,0,0,93,1690,129
Galaxy,[Suggello] 캐시미어 셋인 코트 - 네이비,100,0,0,0,91,1690,129
Giordano,NEW 홍태준 울 싱글코트,0,50,29,21,100,148,40
Giordano,울캐시미어 싱글코트,2,40,45,16,100,128,40
Giorgio armani,싱글 브레스트 카센티노 울 캐시미어 코트,20,80,0,0,105,3820,385
ilcorso,블랙 오버핏 롱 발마칸 코트,0,100,0,0,114,339,89
ilcorso,[22FW] [핸드메이드] 블랙 세미 오버핏 싱글 코트,0,100,0,0,115,349,89
INSILENCE,솔리스트 캐시미어 코트 BLACK,20,80,0,0,108,266,99
INSILENCE,캐시미어 롱 코트 BLACK,20,80,0,0,122,289,43
KIIMUIR,서플러스 울(WOOL) 65 세미오버 발마칸 코트_블랙,0,65,30,5,110,209,43
KIIMUIR,서플러스 울(WOOL) 65 세미오버 발마칸 코트_네이비,0,65,30,5,110,209,43
LAFUDGETSTORE, 울리치 발마칸 오버 코트_Black,0,70,30,0,115,173,45
LAFUDGETSTORE,울리치 오버 맥 코트_Black ,0,70,30,0,117,183,43
MUSINSA STANDARD,캐시미어 블렌드 오버사이즈 싱글 코트 [블랙] ,11,75,10,4,107,160,38
MUSINSA STANDARD,캐시미어 블렌드 대디 숄더 싱글 롱 코트 [블랙],11,75,10,4,118,190,45
NOHANT,BALMACAN COAT BEIGE,0,90,0,10,118,498,158
NUAKLE,헤링본 울 맥 코트_블랙 ,0,70,30,0,112,290,59
PANICALE,울혼방 이중직 싱글 코트,0,60,40,0,93,610,140
PANICALE,울혼방 캐주얼 싱글 코트,0,80,20,0,94,660,140
PARTIMENTO,Oversize Melton Balmacaan Coat,0,10,60,30,112,161,59
PARTIMENTO,Oversize Melton Chesterfield Coat,0,10,60,30,109,129,59
pottery ,Melton Wool Mac coat,30,70,0,0,108,789,169
SOLID,그레이 싱글 롱 코트,0,100,0,0,118,1280,328
SONGZIO,META' HANDMADE COAT BLACK,0,100,0,0,117,1590,455
studio tomboy ,[MEN] 캐시미어싱글핸드메이드코트,5,67,0,28,116,499,179
system homme,캐시미어 블렌드 코트,10,89,1,0,121.5,1050,265
T.IFORMEN,캐시혼방 핸드메이드 싱글 3버튼 코트,9,74,13,4,119,675,139
T.IFORMEN,체스터필드 롱 코트,0,51,39,10,110,399,139
T.IFORMEN,캐시혼방 발마칸 코트,10,73,15,2,113,675,139
Theory,Men Tokyo Double Bi Color Kai Coat - Fossil Melange/Charcoal Melange,100,0,0,0,104,2280,300
Theory,Men Fuji Wool Randall Coat - Black,30,70,0,0,118.5,1580,300
Theory,Men Loft Wool Natt Coat - Black,0,79,0,21,116.5,1480,300
Theory,Men Doubleface Wool Kai Over Coat - Lt Grey Melange,5,70,0,25,103.5,1280,300
time homme,울 블렌드 싱글 코트,27,73,0,0,117,1350,375
tommy hilfiger,WOOL CASUAL COAT,4,69,0,27,97.5,672,100
Tonywack,Single-Breasted Tailored Coat_ Brown Black Herringbone,0,85,10,5,118,335,109
Tonywack,Brushed Wool Mac Over Coat_ Twill Grey,0,85,10,5,113,345,109
Tonywack,Cashmere Mac Over Coat_ Black,15,70,10,5,113,345,109
Tonywack,Cashmere Single-breasted Tailored Coat_black,15,70,10,5,118,335,109
YOUTH,Chesterfield Coat,10,90,0,0,121,668,228
돌체 앤 가바나,Single-breasted wool coat,0,80,20,0,110,4100,470
버버리,울 캐시미어 테일러드 코트,5,95,0,0,97,3190,610
어나더 오피스,22AW Voyager Balmacaan Coat (Dark Navy),0,100,0,0,104,418,118
유니클로,울캐시미어체스터필드코트,10,90,0,0,96,179,40
지오지아,캐시블렌드 싱글 롱 코트,6,51,36,7,93,499,80
지오지아,캐시미어블렌드 클래식 체스터코트,5,50,41,4,100,599,80
크리스 크리스티,캐시미어 블렌디드 싱글 핸드메이드코트,10,70,5,15,110,399,25
헤지스,울 캐시미어 발마칸 코트,8,75,14,3,112,399,89
홀리선,22FW Winterport Wool Coat Dark Navy,0,90,0,10,113,459,135
SOLID,블랙 캐시미어 블랜드 코트,50,50,0,0,109,1580,328
SOLID,베이지 발마칸 싱글 코트,30,70,0,0,113.5,1280,328
DKNY,캐시미어 블렌디드 싱글 롱 코트,30,70,0,0,111,1350,169
더니트 컴퍼니,캐시미어 블렌드 발마칸 코트,10,90,0,0,111,442,79
JILLSTUART NEW YORK MEN,[22FW] [핸드메이드] 라이트 베이지 울캐시미어 세미오버핏 싱글코트,9,91,0,0,105,990,300
JILLSTUART NEW YORK MEN,[22FW] [핸드메이드] 다크그레이 캐시미어30 세미오버핏 발마칸 코트,30,70,0,0,118,1190,300
after pray,투어리스트 캐시미어 발마칸 코트 스모크그레이,10,80,0,10,112,429,139
after pray,투어리스트 발마칸 코트 아보카도,0,90,0,10,112,379,139
birthdaysuit,BALMACAAN COAT,0,50,50,0,112,368,138
wooyoungmi,블랙 멜란지 싱글 코트,5,95,0,0,113,1680,380
lmood,잉글리쉬맨 맥 코트 MID GRAY,0,90,0,10,128,378,79
소신,Melton Wool Soutien Coat (Navy),0,90,0,10,113,309,69
클럽 모나코,캐시미어 블렌드 더블코트,20,80,0,0,106,958,198
24/7 series,[24/7 series] WOOL BALMACAAN COAT (247),0,90,0,10,110,279,69
zegna,휴어울 코트 ,0,100,0,0,100,4750,350
sandrohomme,[22FW] 싱글 버튼 루즈핏 코트 HHW8201,10,90,0,0,108,1360,249
LARDINI,이지 캐시미어 싱글 코트,100,0,0,0,105,2970,390
EMPORIO ARMANI,소프트 울 블렌드 코트,0,97,3,0,106.5,3170,380
lemaire,UNISEX) CHESTERFIELD COAT - GREY CHINE,0,80,0,0,110,1590,680
Juun.J,핸드메이드 발마칸 코트 - 블랙,9,91,0,0,118,1490,460
Kaptain Sunshine,Traveller Coat - Charcoal,0,100,0,0,107,1680,474
Studio Nicholson,Men Mondial Coat - Grey,0,80,20,0,114,1450,535
Barena Venezia,Capospalla Baron - Navy,0,72,28,0,98.5,1650,335
OFFICINE GENERALE,[22FW] [OFFICINE GENERALE MEN] 네이비 단색 울 코트,0,100,0,0,106,1780,295
ck calvin clain ,핸드메이드 롱 싱글 코트 ,30,70,0,0,108,1380,398
CAMBRIDGE MEMBERS,브레스키 캐시미어 블렌드 체스터 코트,98,0,2,0,88,1690,200
BEAKER,Men Soft Balmacaan Coat - Brown,0,66,1,33,108,735,235
RAUM,블랙 단색 울캐시미어혼방 코트,30,70,0,0,111,978,328
epigram,핸드메이드 맥코트,8,67,0,25,104,639,139
